姓名,录取学段,录取区,招聘类型,学历,院校,职称
教师_1,初中,白云区,应届毕业生,本科,其他高校,中级及以下
教师_2,高中,白云区,社会人员,本科,其他高校,中级及以下
教师_3,初中,越秀区,社会人员,本科,部属师范院校（除北京师范大学）,副高级
教师_4,初中,越秀区,社会人员,硕士,部属师范院校（除北京师范大学）,正高级
教师_5,初中,越秀区,应届毕业生,本科,其他高校,副高级
教师_6,初中,白云区,应届毕业生,本科,其他普通师范院校,副高级
教师_7,初中,白云区,社会人员,本科,其他高校,副高级
教师_8,高中,越秀区,应届毕业生,本科,其他普通师范院校,中级及以下
教师_9,高中,越秀区,社会人员,本科,其他高校,中级及以下
教师_10,初中,白云区,应届毕业生,硕士,清华,副高级
教师_11,高中,越秀区,社会人员,本科,部属师范院校（除北京师范大学）,中级及以下
教师_12,初中,越秀区,社会人员,硕士,其他高校,中级及以下
教师_13,初中,白云区,社会人员,本科,其他普通师范院校,中级及以下
教师_14,高中,越秀区,应届毕业生,本科,其他高校,中级及以下
教师_15,小学,白云区,应届毕业生,本科,其他普通师范院校,正高级
教师_16,小学,白云区,应届毕业生,本科,其他高校,中级及以下
教师_17,小学,白云区,社会人员,本科,其他普通师范院校,中级及以下
教师_18,高中,白云区,社会人员,本科,部属师范院校（除北京师范大学）,中级及以下
教师_19,高中,越秀区,社会人员,本科,其他高校,正高级
教师_20,高中,白云区,社会人员,本科,其他高校,中级及以下
教师_21,高中,越秀区,社会人员,本科,部属师范院校（除北京师范大学）,副高级
教师_22,高中,越秀区,应届毕业生,本科,其他普通师范院校,正高级
教师_23,初中,白云区,社会人员,本科,其他普通师范院校,中级及以下
教师_24,高中,白云区,社会人员,本科,其他普通师范院校,中级及以下
教师_25,小学,越秀区,社会人员,硕士,其他普通师范院校,正高级
教师_26,初中,白云区,社会人员,博士,部属师范院校（除北京师范大学）,正高级
教师_27,小学,白云区,社会人员,本科,部属师范院校（除北京师范大学）,中级及以下
教师_28,高中,白云区,应届毕业生,硕士,部属师范院校（除北京师范大学）,中级及以下
教师_29,初中,越秀区,应届毕业生,本科,部属师范院校（除北京师范大学）,正高级
教师_30,初中,越秀区,社会人员,硕士,其他高校,副高级
教师_31,小学,白云区,应届毕业生,本科,清华,中级及以下
教师_32,高中,白云区,社会人员,本科,其他普通师范院校,中级及以下
教师_33,初中,白云区,应届毕业生,本科,其他高校,副高级
教师_34,初中,白云区,社会人员,本科,部属师范院校（除北京师范大学）,副高级
教师_35,小学,越秀区,社会人员,本科,部属师范院校（除北京师范大学）,中级及以下
教师_36,初中,白云区,社会人员,本科,其他高校,副高级
教师_37,初中,越秀区,应届毕业生,本科,其他高校,正高级
教师_38,初中,白云区,社会人员,硕士,其他普通师范院校,中级及以下
教师_39,高中,越秀区,应届毕业生,本科,部属师范院校（除北京师范大学）,正高级
教师_40,高中,白云区,社会人员,本科,其他高校,副高级
教师_41,初中,白云区,社会人员,本科,部属师范院校（除北京师范大学）,副高级
教师_42,初中,白云区,应届毕业生,本科,部属师范院校（除北京师范大学）,副高级
教师_43,高中,越秀区,社会人员,本科,其他高校,中级及以下
教师_44,小学,白云区,应届毕业生,本科,其他普通师范院校,正高级
教师_45,高中,越秀区,应届毕业生,本科,其他普通师范院校,副高级
教师_46,高中,白云区,社会人员,本科,其他普通师范院校,中级及以下
教师_47,小学,白云区,应届毕业生,本科,其他普通师范院校,副高级
教师_48,小学,越秀区,社会人员,本科,其他普通师范院校,中级及以下
教师_49,初中,白云区,社会人员,本科,其他高校,中级及以下
教师_50,初中,越秀区,社会人员,本科,部属师范院校（除北京师范大学）,中级及以下
教师_51,初中,越秀区,应届毕业生,本科,其他普通师范院校,正高级
教师_52,初中,白云区,社会人员,本科,其他高校,中级及以下
教师_53,高中,越秀区,社会人员,本科,其他高校,副高级
教师_54,小学,白云区,社会人员,本科,其他普通师范院校,中级及以下
教师_55,小学,越秀区,社会人员,本科,部属师范院校（除北京师范大学）,副高级
教师_56,小学,白云区,社会人员,本科,其他普通师范院校,中级及以下
教师_57,高中,白云区,社会人员,本科,其他高校,正高级
教师_58,小学,白云区,应届毕业生,本科,其他普通师范院校,中级及以下
教师_59,初中,白云区,应届毕业生,硕士,其他高校,副高级
教师_60,小学,越秀区,社会人员,本科,其他高校,中级及以下
教师_61,小学,白云区,应届毕业生,本科,其他普通师范院校,中级及以下
教师_62,小学,白云区,应届毕业生,本科,部属师范院校（除北京师范大学）,副高级
教师_63,高中,白云区,应届毕业生,本科,其他高校,副高级
教师_64,小学,越秀区,社会人员,本科,其他高校,副高级
教师_65,小学,白云区,社会人员,本科,北京师范大学,中级及以下
教师_66,初中,白云区,社会人员,本科,其他高校,中级及以下
教师_67,高中,白云区,社会人员,博士,其他高校,副高级
教师_68,小学,越秀区,应届毕业生,本科,其他普通师范院校,中级及以下
教师_69,高中,白云区,应届毕业生,本科,其他普通师范院校,中级及以下
教师_70,小学,白云区,社会人员,本科,其他普通师范院校,中级及以下
教师_71,高中,越秀区,社会人员,本科,部属师范院校（除北京师范大学）,中级及以下
教师_72,初中,白云区,应届毕业生,硕士,其他高校,副高级
教师_73,高中,越秀区,应届毕业生,硕士,其他高校,中级及以下
教师_74,初中,越秀区,应届毕业生,本科,其他普通师范院校,副高级
教师_75,高中,白云区,应届毕业生,本科,部属师范院校（除北京师范大学）,中级及以下
教师_76,小学,越秀区,社会人员,本科,其他普通师范院校,中级及以下
教师_77,小学,白云区,社会人员,本科,其他高校,中级及以下
教师_78,小学,白云区,社会人员,本科,部属师范院校（除北京师范大学）,中级及以下
教师_79,小学,白云区,社会人员,硕士,北大,中级及以下
教师_80,小学,白云区,社会人员,本科,部属师范院校（除北京师范大学）,中级及以下
教师_81,初中,白云区,社会人员,本科,北京师范大学,副高级
教师_82,初中,白云区,应届毕业生,本科,其他高校,正高级
教师_83,小学,越秀区,应届毕业生,本科,其他高校,中级及以下
教师_84,高中,越秀区,社会人员,本科,清华,副高级
教师_85,初中,白云区,社会人员,硕士,清华,中级及以下
教师_86,小学,越秀区,社会人员,硕士,其他普通师范院校,中级及以下
教师_87,初中,白云区,应届毕业生,硕士,其他高校,中级及以下
教师_88,小学,白云区,社会人员,本科,部属师范院校（除北京师范大学）,中级及以下
教师_89,初中,白云区,社会人员,本科,其他普通师范院校,副高级
教师_90,高中,白云区,应届毕业生,本科,部属师范院校（除北京师范大学）,中级及以下
教师_91,初中,白云区,社会人员,本科,其他普通师范院校,中级及以下
教师_92,高中,越秀区,社会人员,本科,其他普通师范院校,副高级
教师_93,小学,白云区,社会人员,本科,部属师范院校（除北京师范大学）,中级及以下
教师_94,高中,越秀区,应届毕业生,本科,其他高校,中级及以下
教师_95,小学,越秀区,社会人员,本科,其他高校,中级及以下
教师_96,小学,白云区,社会人员,本科,其他普通师范院校,中级及以下
教师_97,初中,越秀区,社会人员,本科,北京师范大学,副高级
教师_98,小学,白云区,社会人员,硕士,其他高校,中级及以下
教师_99,高中,越秀区,社会人员,本科,其他高校,中级及以下
教师_100,小学,白云区,社会人员,本科,其他高校,中级及以下
教师_101,高中,白云区,社会人员,硕士,其他普通师范院校,中级及以下
教师_102,小学,白云区,社会人员,本科,其他普通师范院校,副高级
教师_103,高中,白云区,应届毕业生,本科,其他高校,中级及以下
教师_104,高中,白云区,社会人员,硕士,其他普通师范院校,副高级
教师_105,小学,越秀区,社会人员,本科,其他高校,中级及以下
教师_106,初中,越秀区,社会人员,硕士,其他普通师范院校,中级及以下
教师_107,初中,越秀区,应届毕业生,本科,其他高校,中级及以下
教师_108,初中,白云区,社会人员,本科,部属师范院校（除北京师范大学）,中级及以下
教师_109,小学,越秀区,应届毕业生,本科,其他普通师范院校,中级及以下
教师_110,高中,白云区,社会人员,硕士,部属师范院校（除北京师范大学）,中级及以下
教师_111,初中,越秀区,社会人员,本科,部属师范院校（除北京师范大学）,正高级
教师_112,高中,越秀区,社会人员,本科,部属师范院校（除北京师范大学）,中级及以下
教师_113,高中,白云区,社会人员,硕士,其他普通师范院校,中级及以下
教师_114,小学,越秀区,社会人员,本科,清华,副高级
教师_115,高中,白云区,社会人员,本科,其他高校,中级及以下
教师_116,初中,白云区,应届毕业生,本科,其他普通师范院校,中级及以下
教师_117,高中,白云区,应届毕业生,硕士,部属师范院校（除北京师范大学）,中级及以下
教师_118,初中,白云区,社会人员,硕士,其他高校,中级及以下
教师_119,高中,越秀区,应届毕业生,本科,北京师范大学,副高级
教师_120,高中,白云区,社会人员,本科,部属师范院校（除北京师范大学）,中级及以下
教师_121,高中,白云区,社会人员,硕士,其他高校,中级及以下
教师_122,初中,越秀区,社会人员,本科,部属师范院校（除北京师范大学）,中级及以下
教师_123,高中,白云区,社会人员,本科,部属师范院校（除北京师范大学）,中级及以下
教师_124,初中,越秀区,社会人员,硕士,部属师范院校（除北京师范大学）,中级及以下
教师_125,初中,白云区,社会人员,本科,其他高校,中级及以下
教师_126,初中,白云区,社会人员,本科,其他高校,副高级
教师_127,小学,白云区,社会人员,本科,清华,中级及以下
教师_128,初中,越秀区,社会人员,硕士,部属师范院校（除北京师范大学）,中级及以下
教师_129,高中,白云区,应届毕业生,硕士,其他高校,正高级
教师_130,小学,越秀区,社会人员,硕士,部属师范院校（除北京师范大学）,副高级
教师_131,初中,白云区,社会人员,本科,其他普通师范院校,中级及以下
教师_132,初中,白云区,社会人员,本科,部属师范院校（除北京师范大学）,中级及以下
教师_133,小学,白云区,应届毕业生,硕士,其他普通师范院校,正高级
教师_134,小学,越秀区,社会人员,本科,其他高校,中级及以下
教师_135,初中,白云区,社会人员,本科,其他普通师范院校,正高级
教师_136,初中,白云区,应届毕业生,硕士,其他高校,中级及以下
教师_137,初中,白云区,社会人员,本科,其他普通师范院校,副高级
教师_138,高中,白云区,社会人员,本科,部属师范院校（除北京师范大学）,中级及以下
教师_139,高中,白云区,应届毕业生,本科,其他普通师范院校,中级及以下
教师_140,初中,白云区,社会人员,本科,其他高校,正高级
教师_141,高中,白云区,应届毕业生,本科,其他高校,中级及以下
教师_142,初中,白云区,应届毕业生,硕士,其他高校,中级及以下
教师_143,初中,白云区,社会人员,本科,部属师范院校（除北京师范大学）,中级及以下
教师_144,高中,越秀区,社会人员,硕士,其他普通师范院校,副高级
教师_145,高中,白云区,应届毕业生,本科,其他高校,中级及以下
教师_146,高中,越秀区,应届毕业生,本科,其他普通师范院校,中级及以下
教师_147,小学,越秀区,社会人员,本科,其他高校,中级及以下
教师_148,高中,越秀区,应届毕业生,硕士,其他高校,中级及以下
教师_149,高中,越秀区,应届毕业生,本科,部属师范院校（除北京师范大学）,副高级
教师_150,高中,越秀区,应届毕业生,本科,其他普通师范院校,副高级
教师_151,小学,白云区,社会人员,硕士,其他普通师范院校,副高级
教师_152,高中,白云区,社会人员,本科,其他高校,中级及以下
教师_153,小学,越秀区,社会人员,硕士,其他高校,中级及以下
教师_154,初中,白云区,应届毕业生,本科,其他普通师范院校,正高级
教师_155,小学,白云区,应届毕业生,本科,部属师范院校（除北京师范大学）,副高级
教师_156,高中,白云区,社会人员,本科,其他普通师范院校,副高级
教师_157,高中,越秀区,应届毕业生,本科,其他普通师范院校,中级及以下
教师_158,初中,越秀区,应届毕业生,本科,其他高校,副高级
教师_159,初中,越秀区,社会人员,硕士,其他普通师范院校,副高级
教师_160,小学,白云区,社会人员,本科,其他普通师范院校,中级及以下
教师_161,高中,白云区,社会人员,本科,其他高校,中级及以下
教师_162,初中,白云区,社会人员,硕士,其他普通师范院校,中级及以下
教师_163,高中,白云区,社会人员,本科,部属师范院校（除北京师范大学）,中级及以下
教师_164,高中,白云区,社会人员,本科,部属师范院校（除北京师范大学）,中级及以下
教师_165,高中,白云区,社会人员,本科,其他普通师范院校,中级及以下
教师_166,高中,白云区,社会人员,硕士,其他高校,中级及以下
教师_167,小学,越秀区,社会人员,本科,其他高校,中级及以下
教师_168,初中,越秀区,社会人员,本科,其他高校,副高级
教师_169,高中,白云区,社会人员,博士,其他普通师范院校,中级及以下
教师_170,小学,白云区,社会人员,本科,其他普通师范院校,中级及以下
教师_171,初中,越秀区,社会人员,本科,清华,副高级
教师_172,小学,越秀区,社会人员,本科,其他高校,中级及以下
教师_173,小学,白云区,应届毕业生,本科,其他高校,副高级
教师_174,小学,越秀区,社会人员,本科,其他高校,副高级
教师_175,高中,白云区,社会人员,博士,其他普通师范院校,副高级
教师_176,小学,白云区,应届毕业生,硕士,其他高校,中级及以下
教师_177,初中,白云区,应届毕业生,本科,北大,中级及以下
教师_178,高中,白云区,社会人员,本科,部属师范院校（除北京师范大学）,副高级
教师_179,高中,越秀区,社会人员,本科,其他普通师范院校,中级及以下
教师_180,小学,白云区,社会人员,本科,部属师范院校（除北京师范大学）,中级及以下
教师_181,小学,白云区,社会人员,本科,部属师范院校（除北京师范大学）,正高级
教师_182,初中,越秀区,应届毕业生,本科,其他普通师范院校,副高级
教师_183,初中,越秀区,社会人员,硕士,部属师范院校（除北京师范大学）,副高级
教师_184,小学,白云区,应届毕业生,本科,其他高校,中级及以下
教师_185,高中,越秀区,社会人员,本科,其他高校,中级及以下
教师_186,初中,白云区,社会人员,本科,其他高校,正高级
教师_187,初中,白云区,社会人员,本科,部属师范院校（除北京师范大学）,中级及以下
教师_188,初中,白云区,社会人员,本科,部属师范院校（除北京师范大学）,中级及以下
教师_189,高中,白云区,社会人员,硕士,其他高校,中级及以下
教师_190,初中,白云区,应届毕业生,本科,其他高校,中级及以下
教师_191,初中,白云区,社会人员,本科,其他普通师范院校,副高级
教师_192,小学,越秀区,应届毕业生,硕士,其他普通师范院校,副高级
教师_193,小学,越秀区,社会人员,本科,部属师范院校（除北京师范大学）,副高级
教师_194,高中,白云区,社会人员,本科,其他高校,中级及以下
教师_195,高中,白云区,社会人员,本科,其他普通师范院校,中级及以下
教师_196,初中,越秀区,社会人员,本科,其他高校,中级及以下
教师_197,小学,白云区,社会人员,本科,其他普通师范院校,正高级
教师_198,小学,白云区,应届毕业生,本科,北大,中级及以下
教师_199,小学,越秀区,社会人员,本科,其他普通师范院校,中级及以下
教师_200,初中,白云区,应届毕业生,本科,其他高校,中级及以下
教师_201,初中,白云区,社会人员,本科,其他高校,中级及以下
教师_202,高中,越秀区,社会人员,本科,其他高校,副高级
教师_203,初中,越秀区,社会人员,本科,其他高校,副高级
教师_204,小学,白云区,应届毕业生,博士,其他普通师范院校,中级及以下
教师_205,小学,白云区,应届毕业生,本科,其他高校,中级及以下
教师_206,小学,越秀区,应届毕业生,硕士,其他普通师范院校,中级及以下
教师_207,高中,白云区,社会人员,硕士,其他普通师范院校,中级及以下
教师_208,初中,越秀区,社会人员,本科,其他高校,中级及以下
教师_209,初中,越秀区,社会人员,本科,其他普通师范院校,中级及以下
教师_210,高中,越秀区,应届毕业生,本科,其他普通师范院校,中级及以下
教师_211,高中,白云区,应届毕业生,本科,其他普通师范院校,中级及以下
教师_212,小学,越秀区,社会人员,硕士,部属师范院校（除北京师范大学）,副高级
教师_213,高中,越秀区,社会人员,本科,其他普通师范院校,中级及以下
教师_214,小学,白云区,社会人员,本科,部属师范院校（除北京师范大学）,中级及以下
教师_215,小学,白云区,社会人员,本科,其他普通师范院校,中级及以下
教师_216,高中,白云区,社会人员,本科,其他普通师范院校,中级及以下
教师_217,初中,越秀区,应届毕业生,硕士,部属师范院校（除北京师范大学）,正高级
教师_218,初中,越秀区,社会人员,本科,部属师范院校（除北京师范大学）,副高级
教师_219,初中,白云区,应届毕业生,本科,部属师范院校（除北京师范大学）,中级及以下
教师_220,高中,越秀区,社会人员,本科,部属师范院校（除北京师范大学）,中级及以下
教师_221,初中,白云区,社会人员,本科,其他普通师范院校,副高级
教师_222,高中,越秀区,社会人员,本科,部属师范院校（除北京师范大学）,中级及以下
教师_223,小学,越秀区,社会人员,本科,其他高校,中级及以下
教师_224,高中,白云区,社会人员,本科,其他普通师范院校,副高级
教师_225,小学,白云区,社会人员,本科,部属师范院校（除北京师范大学）,副高级
教师_226,高中,越秀区,应届毕业生,硕士,其他普通师范院校,副高级
教师_227,高中,白云区,社会人员,本科,部属师范院校（除北京师范大学）,中级及以下
教师_228,小学,越秀区,社会人员,本科,部属师范院校（除北京师范大学）,中级及以下
教师_229,高中,越秀区,应届毕业生,本科,部属师范院校（除北京师范大学）,正高级
教师_230,高中,越秀区,应届毕业生,本科,其他普通师范院校,中级及以下
教师_231,小学,白云区,社会人员,本科,其他高校,中级及以下
教师_232,小学,白云区,应届毕业生,本科,其他高校,中级及以下
教师_233,初中,白云区,应届毕业生,本科,清华,正高级
教师_234,小学,白云区,社会人员,本科,其他高校,副高级
教师_235,小学,白云区,社会人员,本科,其他普通师范院校,中级及以下
教师_236,初中,白云区,社会人员,硕士,其他高校,中级及以下
教师_237,初中,白云区,社会人员,本科,北大,正高级
教师_238,初中,白云区,应届毕业生,本科,其他普通师范院校,中级及以下
教师_239,小学,白云区,社会人员,本科,清华,中级及以下
教师_240,初中,白云区,应届毕业生,本科,其他高校,中级及以下
教师_241,高中,白云区,社会人员,本科,部属师范院校（除北京师范大学）,中级及以下
教师_242,小学,白云区,社会人员,硕士,其他高校,中级及以下
教师_243,初中,越秀区,社会人员,本科,其他普通师范院校,中级及以下
教师_244,小学,越秀区,应届毕业生,本科,部属师范院校（除北京师范大学）,副高级
教师_245,高中,白云区,应届毕业生,本科,其他高校,中级及以下
教师_246,初中,越秀区,社会人员,本科,其他普通师范院校,中级及以下
教师_247,初中,越秀区,社会人员,本科,其他高校,中级及以下
教师_248,小学,白云区,社会人员,本科,其他普通师范院校,副高级
教师_249,小学,越秀区,应届毕业生,硕士,其他高校,正高级
教师_250,初中,越秀区,社会人员,硕士,其他高校,中级及以下
教师_251,初中,越秀区,社会人员,本科,其他普通师范院校,中级及以下
教师_252,高中,越秀区,社会人员,本科,其他高校,中级及以下
教师_253,高中,白云区,社会人员,本科,其他普通师范院校,中级及以下
教师_254,高中,白云区,社会人员,本科,其他普通师范院校,中级及以下
教师_255,高中,白云区,社会人员,本科,其他高校,副高级
教师_256,小学,白云区,社会人员,本科,其他高校,副高级
教师_257,初中,越秀区,社会人员,硕士,部属师范院校（除北京师范大学）,中级及以下
教师_258,初中,白云区,社会人员,本科,其他高校,中级及以下
教师_259,高中,越秀区,社会人员,本科,其他普通师范院校,中级及以下
教师_260,小学,白云区,社会人员,本科,其他高校,中级及以下
教师_261,小学,越秀区,社会人员,本科,其他高校,正高级
教师_262,小学,越秀区,社会人员,硕士,其他高校,中级及以下
教师_263,小学,白云区,社会人员,本科,其他普通师范院校,中级及以下
教师_264,高中,越秀区,社会人员,本科,其他普通师范院校,副高级
教师_265,高中,白云区,社会人员,本科,部属师范院校（除北京师范大学）,副高级
教师_266,高中,白云区,应届毕业生,本科,其他普通师范院校,中级及以下
教师_267,小学,白云区,社会人员,本科,其他高校,副高级
教师_268,初中,越秀区,应届毕业生,本科,其他高校,副高级
教师_269,小学,白云区,社会人员,本科,部属师范院校（除北京师范大学）,中级及以下
教师_270,初中,白云区,社会人员,本科,其他普通师范院校,中级及以下
教师_271,高中,白云区,社会人员,本科,其他普通师范院校,副高级
教师_272,高中,白云区,社会人员,本科,部属师范院校（除北京师范大学）,副高级
教师_273,初中,白云区,应届毕业生,硕士,其他普通师范院校,中级及以下
教师_274,高中,越秀区,社会人员,本科,其他普通师范院校,副高级
教师_275,小学,白云区,社会人员,本科,其他普通师范院校,正高级
教师_276,高中,越秀区,社会人员,本科,部属师范院校（除北京师范大学）,中级及以下
教师_277,高中,白云区,应届毕业生,本科,其他高校,副高级
教师_278,高中,白云区,社会人员,硕士,其他普通师范院校,副高级
教师_279,初中,越秀区,社会人员,本科,其他普通师范院校,副高级
教师_280,高中,越秀区,应届毕业生,本科,部属师范院校（除北京师范大学）,副高级
教师_281,小学,白云区,社会人员,本科,其他高校,副高级
教师_282,高中,越秀区,社会人员,本科,北京师范大学,副高级
教师_283,初中,白云区,应届毕业生,硕士,其他高校,中级及以下
教师_284,小学,越秀区,应届毕业生,本科,其他普通师范院校,中级及以下
教师_285,初中,越秀区,应届毕业生,本科,其他普通师范院校,中级及以下
教师_286,小学,白云区,社会人员,博士,部属师范院校（除北京师范大学）,中级及以下
教师_287,高中,白云区,应届毕业生,硕士,其他高校,副高级
教师_288,初中,越秀区,社会人员,博士,其他高校,副高级
教师_289,初中,白云区,社会人员,本科,部属师范院校（除北京师范大学）,中级及以下
教师_290,初中,白云区,社会人员,本科,其他高校,中级及以下
教师_291,初中,白云区,社会人员,硕士,北大,中级及以下
教师_292,小学,白云区,应届毕业生,本科,其他高校,中级及以下
教师_293,高中,越秀区,社会人员,本科,其他普通师范院校,副高级
教师_294,小学,越秀区,应届毕业生,本科,其他高校,中级及以下
教师_295,初中,白云区,社会人员,本科,其他普通师范院校,副高级
教师_296,小学,白云区,社会人员,博士,部属师范院校（除北京师范大学）,中级及以下
教师_297,小学,白云区,应届毕业生,本科,部属师范院校（除北京师范大学）,正高级
教师_298,高中,白云区,社会人员,本科,其他高校,副高级
教师_299,高中,越秀区,应届毕业生,本科,其他普通师范院校,中级及以下
教师_300,高中,越秀区,社会人员,本科,部属师范院校（除北京师范大学）,副高级
教师_301,高中,白云区,应届毕业生,硕士,其他高校,中级及以下
教师_302,高中,白云区,社会人员,本科,北大,中级及以下
教师_303,初中,越秀区,应届毕业生,本科,部属师范院校（除北京师范大学）,中级及以下
教师_304,小学,白云区,社会人员,本科,其他普通师范院校,中级及以下
教师_305,初中,越秀区,社会人员,硕士,北大,正高级
教师_306,小学,越秀区,应届毕业生,本科,其他高校,副高级
教师_307,小学,越秀区,社会人员,本科,其他高校,副高级
教师_308,小学,白云区,社会人员,本科,其他普通师范院校,中级及以下
教师_309,高中,白云区,社会人员,本科,其他高校,副高级
教师_310,小学,白云区,社会人员,本科,其他高校,中级及以下
教师_311,高中,越秀区,社会人员,本科,部属师范院校（除北京师范大学）,正高级
教师_312,小学,越秀区,社会人员,本科,部属师范院校（除北京师范大学）,副高级
教师_313,小学,越秀区,应届毕业生,硕士,其他高校,中级及以下
教师_314,小学,越秀区,社会人员,本科,其他普通师范院校,正高级
教师_315,高中,越秀区,社会人员,本科,其他普通师范院校,中级及以下
教师_316,小学,越秀区,社会人员,硕士,其他普通师范院校,中级及以下
教师_317,初中,白云区,应届毕业生,本科,部属师范院校（除北京师范大学）,副高级
教师_318,初中,白云区,应届毕业生,本科,其他高校,中级及以下
教师_319,高中,白云区,社会人员,本科,其他普通师范院校,中级及以下
教师_320,高中,白云区,社会人员,本科,其他高校,正高级
教师_321,小学,越秀区,社会人员,硕士,其他普通师范院校,中级及以下
教师_322,小学,白云区,社会人员,本科,其他普通师范院校,副高级
教师_323,小学,白云区,社会人员,本科,部属师范院校（除北京师范大学）,中级及以下
教师_324,初中,白云区,社会人员,硕士,其他普通师范院校,副高级
教师_325,小学,白云区,社会人员,本科,其他高校,中级及以下
教师_326,初中,越秀区,社会人员,硕士,其他高校,副高级
教师_327,高中,越秀区,社会人员,硕士,其他高校,中级及以下
教师_328,高中,越秀区,应届毕业生,本科,其他普通师范院校,副高级
教师_329,小学,越秀区,社会人员,本科,其他普通师范院校,中级及以下
教师_330,初中,白云区,社会人员,本科,部属师范院校（除北京师范大学）,副高级
教师_331,小学,白云区,应届毕业生,本科,其他普通师范院校,中级及以下
教师_332,高中,越秀区,社会人员,硕士,部属师范院校（除北京师范大学）,中级及以下
教师_333,小学,白云区,应届毕业生,本科,其他普通师范院校,中级及以下
教师_334,高中,越秀区,应届毕业生,本科,其他高校,中级及以下
教师_335,高中,白云区,应届毕业生,本科,其他高校,中级及以下
教师_336,高中,越秀区,社会人员,本科,其他普通师范院校,中级及以下
教师_337,小学,越秀区,应届毕业生,硕士,其他普通师范院校,副高级
教师_338,初中,白云区,社会人员,硕士,部属师范院校（除北京师范大学）,副高级
教师_339,初中,越秀区,社会人员,硕士,其他高校,正高级
教师_340,小学,白云区,社会人员,本科,其他高校,中级及以下
教师_341,初中,白云区,社会人员,硕士,其他高校,中级及以下
教师_342,小学,白云区,应届毕业生,本科,部属师范院校（除北京师范大学）,中级及以下
教师_343,初中,越秀区,社会人员,本科,其他普通师范院校,中级及以下
教师_344,小学,白云区,社会人员,本科,部属师范院校（除北京师范大学）,中级及以下
教师_345,高中,越秀区,社会人员,本科,部属师范院校（除北京师范大学）,中级及以下
教师_346,小学,越秀区,社会人员,本科,其他高校,副高级
教师_347,初中,越秀区,社会人员,硕士,部属师范院校（除北京师范大学）,中级及以下
教师_348,初中,白云区,应届毕业生,本科,其他普通师范院校,中级及以下
教师_349,初中,越秀区,社会人员,本科,其他普通师范院校,中级及以下
教师_350,高中,白云区,社会人员,本科,部属师范院校（除北京师范大学）,正高级
教师_351,初中,白云区,社会人员,本科,其他普通师范院校,副高级
教师_352,小学,越秀区,社会人员,本科,部属师范院校（除北京师范大学）,中级及以下
教师_353,初中,白云区,应届毕业生,本科,清华,副高级
教师_354,初中,白云区,社会人员,博士,其他高校,中级及以下
教师_355,初中,白云区,应届毕业生,本科,其他普通师范院校,中级及以下
教师_356,高中,白云区,应届毕业生,本科,其他高校,副高级
教师_357,小学,白云区,社会人员,本科,其他普通师范院校,中级及以下
教师_358,小学,白云区,社会人员,本科,其他普通师范院校,中级及以下
教师_359,初中,白云区,社会人员,本科,其他普通师范院校,中级及以下
教师_360,高中,白云区,社会人员,博士,部属师范院校（除北京师范大学）,副高级
教师_361,小学,越秀区,社会人员,本科,其他普通师范院校,正高级
教师_362,高中,白云区,社会人员,本科,其他普通师范院校,副高级
教师_363,初中,白云区,应届毕业生,硕士,其他高校,副高级
教师_364,初中,白云区,社会人员,本科,其他普通师范院校,正高级
教师_365,高中,白云区,社会人员,本科,其他高校,副高级
教师_366,初中,白云区,应届毕业生,本科,部属师范院校（除北京师范大学）,中级及以下
教师_367,高中,越秀区,社会人员,本科,其他普通师范院校,中级及以下
教师_368,初中,白云区,社会人员,本科,其他高校,副高级
教师_369,高中,越秀区,应届毕业生,本科,部属师范院校（除北京师范大学）,副高级
教师_370,高中,白云区,社会人员,本科,部属师范院校（除北京师范大学）,中级及以下
教师_371,高中,白云区,社会人员,本科,其他高校,中级及以下
教师_372,初中,白云区,社会人员,本科,其他高校,中级及以下
教师_373,高中,越秀区,应届毕业生,本科,部属师范院校（除北京师范大学）,中级及以下
教师_374,初中,白云区,社会人员,本科,其他普通师范院校,副高级
教师_375,小学,越秀区,社会人员,本科,其他高校,中级及以下
教师_376,小学,白云区,应届毕业生,本科,其他普通师范院校,中级及以下
教师_377,高中,白云区,社会人员,本科,其他普通师范院校,副高级
教师_378,高中,越秀区,社会人员,硕士,其他普通师范院校,中级及以下
教师_379,初中,白云区,社会人员,本科,其他高校,副高级
教师_380,初中,白云区,应届毕业生,硕士,其他高校,中级及以下
教师_381,高中,白云区,应届毕业生,硕士,其他高校,正高级
教师_382,初中,越秀区,应届毕业生,本科,其他普通师范院校,副高级
教师_383,高中,越秀区,社会人员,硕士,其他普通师范院校,中级及以下
教师_384,初中,越秀区,社会人员,本科,其他普通师范院校,中级及以下
教师_385,高中,白云区,应届毕业生,本科,北大,中级及以下
教师_386,高中,越秀区,社会人员,本科,其他普通师范院校,正高级
教师_387,高中,白云区,社会人员,本科,部属师范院校（除北京师范大学）,中级及以下
教师_388,小学,白云区,社会人员,硕士,其他普通师范院校,正高级
教师_389,初中,越秀区,应届毕业生,本科,其他高校,副高级
教师_390,初中,越秀区,社会人员,本科,其他普通师范院校,副高级
教师_391,小学,越秀区,社会人员,本科,其他高校,正高级
教师_392,初中,白云区,社会人员,本科,部属师范院校（除北京师范大学）,正高级
教师_393,小学,越秀区,社会人员,本科,北京师范大学,中级及以下
教师_394,高中,越秀区,社会人员,本科,部属师范院校（除北京师范大学）,中级及以下
教师_395,小学,白云区,社会人员,本科,其他高校,中级及以下
教师_396,高中,白云区,社会人员,本科,其他普通师范院校,中级及以下
教师_397,初中,越秀区,应届毕业生,本科,其他普通师范院校,正高级
教师_398,初中,白云区,社会人员,本科,部属师范院校（除北京师范大学）,副高级
教师_399,小学,越秀区,应届毕业生,硕士,部属师范院校（除北京师范大学）,正高级
教师_400,小学,越秀区,应届毕业生,硕士,其他普通师范院校,正高级
教师_401,初中,越秀区,社会人员,本科,其他普通师范院校,正高级
教师_402,高中,白云区,应届毕业生,本科,其他普通师范院校,副高级
教师_403,小学,越秀区,社会人员,本科,其他普通师范院校,正高级
教师_404,高中,白云区,社会人员,本科,其他普通师范院校,正高级
教师_405,高中,白云区,社会人员,硕士,其他高校,副高级
教师_406,初中,越秀区,社会人员,硕士,部属师范院校（除北京师范大学）,中级及以下
教师_407,初中,白云区,社会人员,硕士,其他普通师范院校,正高级
教师_408,小学,白云区,社会人员,本科,其他高校,中级及以下
教师_409,初中,白云区,社会人员,硕士,其他普通师范院校,中级及以下
教师_410,小学,越秀区,应届毕业生,硕士,部属师范院校（除北京师范大学）,中级及以下
教师_411,小学,白云区,社会人员,本科,其他普通师范院校,中级及以下
教师_412,初中,白云区,应届毕业生,本科,其他普通师范院校,中级及以下
教师_413,小学,白云区,应届毕业生,本科,其他高校,副高级
教师_414,小学,白云区,应届毕业生,本科,部属师范院校（除北京师范大学）,副高级
教师_415,小学,白云区,社会人员,本科,其他高校,中级及以下
教师_416,小学,越秀区,社会人员,本科,其他普通师范院校,中级及以下
教师_417,小学,越秀区,应届毕业生,本科,北京师范大学,中级及以下
教师_418,小学,白云区,社会人员,本科,其他高校,副高级
教师_419,小学,白云区,社会人员,本科,部属师范院校（除北京师范大学）,副高级
教师_420,初中,越秀区,社会人员,本科,部属师范院校（除北京师范大学）,中级及以下
教师_421,高中,越秀区,社会人员,硕士,清华,中级及以下
教师_422,高中,白云区,应届毕业生,本科,其他高校,中级及以下
教师_423,初中,越秀区,社会人员,本科,其他普通师范院校,中级及以下
教师_424,小学,白云区,社会人员,本科,其他普通师范院校,中级及以下
教师_425,初中,越秀区,应届毕业生,本科,部属师范院校（除北京师范大学）,中级及以下
教师_426,初中,白云区,社会人员,本科,部属师范院校（除北京师范大学）,正高级
教师_427,高中,白云区,应届毕业生,本科,其他普通师范院校,副高级
教师_428,小学,越秀区,应届毕业生,本科,其他普通师范院校,副高级
教师_429,高中,越秀区,应届毕业生,本科,其他高校,中级及以下
教师_430,小学,越秀区,社会人员,本科,其他普通师范院校,中级及以下
教师_431,小学,越秀区,社会人员,本科,其他高校,副高级
教师_432,高中,白云区,社会人员,本科,其他普通师范院校,中级及以下
教师_433,小学,越秀区,应届毕业生,硕士,北大,正高级
教师_434,高中,越秀区,社会人员,本科,其他普通师范院校,中级及以下
教师_435,初中,越秀区,社会人员,本科,部属师范院校（除北京师范大学）,中级及以下
教师_436,初中,白云区,社会人员,本科,其他普通师范院校,副高级
教师_437,初中,白云区,社会人员,本科,其他高校,正高级
教师_438,小学,白云区,社会人员,本科,其他高校,副高级
教师_439,高中,越秀区,应届毕业生,本科,部属师范院校（除北京师范大学）,中级及以下
教师_440,初中,越秀区,社会人员,本科,其他普通师范院校,副高级
教师_441,初中,越秀区,应届毕业生,本科,其他普通师范院校,中级及以下
教师_442,高中,越秀区,应届毕业生,本科,其他高校,正高级
教师_443,高中,越秀区,社会人员,硕士,北大,正高级
教师_444,小学,越秀区,社会人员,本科,北大,中级及以下
教师_445,小学,越秀区,社会人员,本科,部属师范院校（除北京师范大学）,正高级
教师_446,初中,白云区,应届毕业生,本科,其他高校,副高级
教师_447,高中,白云区,社会人员,本科,其他普通师范院校,中级及以下
教师_448,高中,白云区,社会人员,本科,其他高校,中级及以下
教师_449,高中,越秀区,社会人员,硕士,其他普通师范院校,副高级
教师_450,高中,越秀区,应届毕业生,本科,其他普通师范院校,中级及以下
教师_451,小学,越秀区,社会人员,本科,其他高校,中级及以下
教师_452,高中,白云区,社会人员,本科,其他普通师范院校,正高级
教师_453,小学,白云区,社会人员,本科,其他普通师范院校,中级及以下
教师_454,小学,越秀区,社会人员,硕士,部属师范院校（除北京师范大学）,正高级
教师_455,高中,白云区,社会人员,本科,其他普通师范院校,中级及以下
教师_456,小学,白云区,社会人员,本科,部属师范院校（除北京师范大学）,中级及以下
教师_457,高中,越秀区,应届毕业生,本科,其他高校,副高级
教师_458,小学,白云区,社会人员,硕士,其他普通师范院校,副高级
教师_459,高中,越秀区,社会人员,硕士,部属师范院校（除北京师范大学）,中级及以下
教师_460,高中,白云区,社会人员,本科,其他高校,副高级
教师_461,小学,越秀区,应届毕业生,本科,部属师范院校（除北京师范大学）,副高级
教师_462,初中,白云区,社会人员,本科,其他高校,中级及以下
教师_463,初中,白云区,应届毕业生,本科,其他普通师范院校,中级及以下
教师_464,高中,白云区,社会人员,本科,部属师范院校（除北京师范大学）,中级及以下
教师_465,小学,白云区,社会人员,本科,北大,副高级
教师_466,小学,白云区,社会人员,本科,其他高校,中级及以下
教师_467,初中,越秀区,社会人员,本科,北京师范大学,中级及以下
教师_468,初中,越秀区,应届毕业生,本科,其他高校,中级及以下
教师_469,高中,越秀区,社会人员,本科,其他普通师范院校,中级及以下
教师_470,小学,越秀区,社会人员,本科,其他普通师范院校,中级及以下
教师_471,初中,白云区,社会人员,本科,部属师范院校（除北京师范大学）,副高级
教师_472,高中,白云区,应届毕业生,硕士,其他高校,副高级
教师_473,初中,白云区,应届毕业生,硕士,其他高校,正高级
教师_474,高中,越秀区,社会人员,本科,其他普通师范院校,中级及以下
教师_475,高中,白云区,社会人员,本科,部属师范院校（除北京师范大学）,中级及以下
教师_476,高中,白云区,社会人员,本科,部属师范院校（除北京师范大学）,副高级
教师_477,高中,白云区,应届毕业生,本科,其他普通师范院校,中级及以下
教师_478,高中,越秀区,应届毕业生,本科,其他普通师范院校,中级及以下
教师_479,高中,白云区,社会人员,本科,其他普通师范院校,副高级
教师_480,初中,白云区,社会人员,本科,部属师范院校（除北京师范大学）,中级及以下
教师_481,小学,白云区,社会人员,本科,北大,中级及以下
教师_482,小学,白云区,应届毕业生,硕士,其他普通师范院校,中级及以下
教师_483,小学,越秀区,社会人员,本科,北大,中级及以下
教师_484,初中,越秀区,社会人员,本科,部属师范院校（除北京师范大学）,副高级
教师_485,小学,越秀区,社会人员,本科,其他普通师范院校,副高级
教师_486,初中,越秀区,社会人员,本科,部属师范院校（除北京师范大学）,副高级
教师_487,初中,白云区,社会人员,本科,其他普通师范院校,中级及以下
教师_488,高中,白云区,社会人员,硕士,部属师范院校（除北京师范大学）,中级及以下
教师_489,高中,白云区,应届毕业生,硕士,部属师范院校（除北京师范大学）,中级及以下
教师_490,初中,越秀区,社会人员,本科,其他普通师范院校,中级及以下
教师_491,小学,越秀区,社会人员,本科,部属师范院校（除北京师范大学）,中级及以下
教师_492,初中,白云区,社会人员,本科,其他普通师范院校,中级及以下
教师_493,高中,越秀区,社会人员,本科,其他普通师范院校,中级及以下
教师_494,初中,越秀区,社会人员,本科,其他高校,中级及以下
教师_495,初中,白云区,应届毕业生,硕士,其他高校,副高级
教师_496,小学,越秀区,应届毕业生,本科,其他普通师范院校,中级及以下
教师_497,初中,越秀区,社会人员,本科,其他普通师范院校,中级及以下
教师_498,初中,白云区,社会人员,硕士,其他普通师范院校,中级及以下
教师_499,小学,白云区,应届毕业生,本科,部属师范院校（除北京师范大学）,中级及以下
教师_500,初中,越秀区,应届毕业生,本科,其他普通师范院校,中级及以下
教师_501,初中,白云区,社会人员,硕士,部属师范院校（除北京师范大学）,副高级
教师_502,初中,白云区,社会人员,硕士,其他普通师范院校,中级及以下
教师_503,初中,白云区,社会人员,硕士,部属师范院校（除北京师范大学）,中级及以下
教师_504,高中,白云区,应届毕业生,本科,其他普通师范院校,中级及以下
教师_505,初中,越秀区,社会人员,本科,其他高校,中级及以下
教师_506,高中,白云区,应届毕业生,本科,其他高校,中级及以下
教师_507,高中,越秀区,社会人员,硕士,部属师范院校（除北京师范大学）,中级及以下
教师_508,小学,白云区,社会人员,本科,部属师范院校（除北京师范大学）,中级及以下
教师_509,小学,白云区,社会人员,本科,其他高校,副高级
教师_510,初中,白云区,社会人员,本科,其他高校,中级及以下
教师_511,小学,越秀区,应届毕业生,本科,其他普通师范院校,中级及以下
教师_512,初中,白云区,社会人员,硕士,其他高校,副高级
教师_513,高中,白云区,社会人员,硕士,部属师范院校（除北京师范大学）,中级及以下
教师_514,高中,白云区,应届毕业生,本科,其他高校,副高级
教师_515,初中,白云区,社会人员,硕士,其他高校,副高级
教师_516,高中,白云区,应届毕业生,硕士,部属师范院校（除北京师范大学）,中级及以下
教师_517,小学,白云区,社会人员,本科,其他普通师范院校,中级及以下
教师_518,初中,越秀区,社会人员,本科,其他高校,中级及以下
教师_519,高中,越秀区,社会人员,本科,其他高校,中级及以下
教师_520,高中,越秀区,社会人员,本科,其他高校,正高级
教师_521,初中,越秀区,应届毕业生,本科,其他普通师范院校,中级及以下
教师_522,小学,越秀区,社会人员,本科,北京师范大学,中级及以下
教师_523,小学,越秀区,社会人员,本科,其他高校,副高级
教师_524,高中,越秀区,社会人员,本科,其他普通师范院校,副高级
教师_525,小学,白云区,社会人员,本科,其他普通师范院校,中级及以下
教师_526,初中,白云区,社会人员,本科,其他高校,副高级
教师_527,初中,白云区,应届毕业生,本科,其他普通师范院校,中级及以下
教师_528,高中,白云区,应届毕业生,硕士,其他普通师范院校,副高级
教师_529,小学,越秀区,社会人员,本科,其他普通师范院校,中级及以下
教师_530,初中,越秀区,社会人员,本科,部属师范院校（除北京师范大学）,中级及以下
教师_531,小学,白云区,应届毕业生,本科,部属师范院校（除北京师范大学）,中级及以下
教师_532,初中,白云区,社会人员,本科,其他高校,中级及以下
教师_533,初中,越秀区,社会人员,本科,其他普通师范院校,副高级
教师_534,小学,白云区,社会人员,硕士,部属师范院校（除北京师范大学）,中级及以下
教师_535,小学,白云区,社会人员,硕士,部属师范院校（除北京师范大学）,中级及以下
教师_536,小学,越秀区,应届毕业生,硕士,清华,副高级
教师_537,初中,越秀区,社会人员,硕士,其他高校,副高级
教师_538,高中,白云区,应届毕业生,本科,部属师范院校（除北京师范大学）,中级及以下
教师_539,高中,白云区,社会人员,本科,北京师范大学,正高级
教师_540,高中,白云区,社会人员,本科,清华,中级及以下
教师_541,小学,白云区,社会人员,本科,部属师范院校（除北京师范大学）,副高级
教师_542,初中,白云区,应届毕业生,本科,其他高校,中级及以下
教师_543,初中,白云区,社会人员,本科,部属师范院校（除北京师范大学）,副高级
教师_544,初中,越秀区,应届毕业生,本科,其他高校,中级及以下
教师_545,高中,白云区,社会人员,本科,部属师范院校（除北京师范大学）,副高级
教师_546,小学,白云区,社会人员,硕士,北京师范大学,中级及以下
教师_547,高中,白云区,应届毕业生,本科,其他高校,中级及以下
教师_548,高中,白云区,社会人员,硕士,其他普通师范院校,中级及以下
教师_549,初中,白云区,社会人员,本科,北京师范大学,中级及以下
教师_550,初中,白云区,应届毕业生,本科,其他高校,中级及以下
教师_551,高中,越秀区,社会人员,本科,部属师范院校（除北京师范大学）,副高级
教师_552,小学,越秀区,社会人员,本科,其他高校,副高级
教师_553,初中,白云区,社会人员,硕士,其他高校,中级及以下
教师_554,初中,越秀区,社会人员,本科,部属师范院校（除北京师范大学）,中级及以下
教师_555,高中,白云区,应届毕业生,本科,其他高校,副高级
教师_556,小学,白云区,社会人员,本科,其他高校,副高级
教师_557,小学,白云区,应届毕业生,本科,其他普通师范院校,副高级
教师_558,初中,白云区,社会人员,本科,其他普通师范院校,中级及以下
教师_559,初中,白云区,社会人员,硕士,其他高校,正高级
教师_560,高中,越秀区,应届毕业生,本科,北京师范大学,副高级
教师_561,初中,白云区,社会人员,硕士,其他高校,中级及以下
教师_562,小学,越秀区,社会人员,博士,其他普通师范院校,中级及以下
教师_563,高中,越秀区,应届毕业生,本科,其他普通师范院校,中级及以下
教师_564,高中,越秀区,社会人员,本科,其他高校,中级及以下
教师_565,初中,白云区,应届毕业生,本科,其他高校,正高级
教师_566,高中,白云区,社会人员,本科,其他高校,中级及以下
教师_567,初中,白云区,社会人员,本科,其他高校,中级及以下
教师_568,高中,越秀区,社会人员,本科,北大,副高级
教师_569,高中,白云区,应届毕业生,本科,其他普通师范院校,中级及以下
教师_570,高中,白云区,社会人员,本科,其他高校,中级及以下
教师_571,高中,越秀区,应届毕业生,本科,其他高校,副高级
教师_572,小学,越秀区,应届毕业生,本科,北京师范大学,中级及以下
教师_573,小学,越秀区,社会人员,本科,其他普通师范院校,正高级
教师_574,初中,越秀区,社会人员,本科,北大,中级及以下
教师_575,高中,越秀区,社会人员,本科,部属师范院校（除北京师范大学）,副高级
教师_576,初中,白云区,社会人员,本科,其他普通师范院校,副高级
教师_577,小学,越秀区,应届毕业生,本科,其他普通师范院校,副高级
教师_578,高中,越秀区,社会人员,博士,部属师范院校（除北京师范大学）,正高级
教师_579,初中,白云区,社会人员,硕士,其他普通师范院校,中级及以下
教师_580,高中,越秀区,社会人员,本科,其他普通师范院校,中级及以下
教师_581,小学,白云区,社会人员,本科,清华,中级及以下
教师_582,高中,白云区,社会人员,本科,部属师范院校（除北京师范大学）,副高级
教师_583,初中,越秀区,应届毕业生,本科,其他普通师范院校,副高级
教师_584,小学,白云区,社会人员,本科,其他高校,中级及以下
教师_585,高中,越秀区,应届毕业生,硕士,其他高校,副高级
教师_586,小学,越秀区,社会人员,本科,部属师范院校（除北京师范大学）,正高级
教师_587,小学,白云区,社会人员,本科,其他高校,副高级
教师_588,小学,越秀区,应届毕业生,本科,其他普通师范院校,中级及以下
教师_589,小学,越秀区,社会人员,本科,部属师范院校（除北京师范大学）,正高级
教师_590,高中,越秀区,社会人员,本科,其他普通师范院校,副高级
教师_591,高中,白云区,社会人员,本科,部属师范院校（除北京师范大学）,中级及以下
教师_592,高中,白云区,社会人员,硕士,其他普通师范院校,中级及以下
教师_593,高中,越秀区,应届毕业生,硕士,其他普通师范院校,中级及以下
教师_594,初中,越秀区,应届毕业生,本科,其他高校,中级及以下
教师_595,初中,白云区,社会人员,本科,其他普通师范院校,副高级
教师_596,高中,越秀区,社会人员,本科,部属师范院校（除北京师范大学）,副高级
教师_597,初中,白云区,社会人员,硕士,部属师范院校（除北京师范大学）,中级及以下
教师_598,初中,越秀区,社会人员,本科,其他普通师范院校,中级及以下
教师_599,初中,白云区,社会人员,硕士,其他高校,副高级
教师_600,高中,白云区,社会人员,本科,清华,中级及以下
教师_601,小学,白云区,社会人员,本科,其他普通师范院校,中级及以下
教师_602,初中,白云区,社会人员,本科,部属师范院校（除北京师范大学）,中级及以下
教师_603,高中,越秀区,应届毕业生,硕士,其他普通师范院校,副高级
教师_604,小学,越秀区,社会人员,本科,其他高校,中级及以下
教师_605,初中,白云区,应届毕业生,本科,部属师范院校（除北京师范大学）,中级及以下
教师_606,初中,白云区,应届毕业生,本科,其他普通师范院校,中级及以下
教师_607,小学,白云区,社会人员,硕士,其他高校,中级及以下
教师_608,小学,越秀区,社会人员,硕士,部属师范院校（除北京师范大学）,中级及以下
教师_609,初中,越秀区,社会人员,本科,部属师范院校（除北京师范大学）,正高级
教师_610,初中,越秀区,应届毕业生,本科,其他高校,副高级
教师_611,初中,白云区,社会人员,本科,其他高校,副高级
教师_612,初中,越秀区,社会人员,本科,其他高校,副高级
教师_613,高中,白云区,社会人员,硕士,其他高校,副高级
教师_614,小学,白云区,社会人员,博士,其他普通师范院校,副高级
教师_615,小学,白云区,应届毕业生,本科,其他普通师范院校,中级及以下
教师_616,初中,越秀区,社会人员,本科,其他普通师范院校,副高级
教师_617,初中,白云区,社会人员,本科,其他高校,副高级
教师_618,高中,越秀区,社会人员,硕士,其他普通师范院校,副高级
教师_619,初中,越秀区,社会人员,本科,部属师范院校（除北京师范大学）,副高级
教师_620,高中,白云区,社会人员,本科,部属师范院校（除北京师范大学）,中级及以下
教师_621,初中,白云区,社会人员,本科,其他高校,副高级
教师_622,高中,白云区,应届毕业生,博士,部属师范院校（除北京师范大学）,副高级
教师_623,初中,白云区,社会人员,本科,其他高校,正高级
教师_624,高中,白云区,社会人员,博士,其他高校,副高级
教师_625,高中,白云区,应届毕业生,本科,部属师范院校（除北京师范大学）,副高级
教师_626,高中,越秀区,应届毕业生,本科,其他高校,中级及以下
教师_627,高中,白云区,社会人员,本科,其他普通师范院校,副高级
教师_628,高中,白云区,应届毕业生,本科,部属师范院校（除北京师范大学）,副高级
教师_629,初中,越秀区,社会人员,本科,其他高校,副高级
教师_630,小学,越秀区,社会人员,本科,其他高校,副高级
教师_631,小学,越秀区,社会人员,本科,其他普通师范院校,中级及以下
教师_632,小学,白云区,社会人员,硕士,其他高校,中级及以下
教师_633,初中,越秀区,社会人员,本科,部属师范院校（除北京师范大学）,中级及以下
教师_634,初中,白云区,社会人员,本科,其他高校,副高级
教师_635,高中,白云区,社会人员,本科,其他高校,副高级
教师_636,高中,白云区,应届毕业生,本科,其他普通师范院校,中级及以下
教师_637,小学,白云区,社会人员,硕士,其他高校,中级及以下
教师_638,小学,越秀区,社会人员,本科,其他高校,副高级
教师_639,初中,越秀区,应届毕业生,硕士,清华,中级及以下
教师_640,高中,白云区,应届毕业生,博士,其他高校,中级及以下
教师_641,高中,越秀区,应届毕业生,本科,其他普通师范院校,中级及以下
教师_642,高中,越秀区,社会人员,本科,其他普通师范院校,中级及以下
教师_643,高中,白云区,社会人员,硕士,其他普通师范院校,正高级
教师_644,初中,越秀区,社会人员,本科,其他高校,副高级
教师_645,初中,越秀区,社会人员,本科,其他高校,副高级
教师_646,小学,越秀区,社会人员,本科,其他普通师范院校,中级及以下
教师_647,高中,白云区,应届毕业生,本科,其他普通师范院校,副高级
教师_648,高中,越秀区,社会人员,本科,其他高校,正高级
教师_649,高中,越秀区,应届毕业生,本科,部属师范院校（除北京师范大学）,副高级
教师_650,小学,越秀区,应届毕业生,本科,部属师范院校（除北京师范大学）,中级及以下
教师_651,初中,白云区,社会人员,本科,其他高校,中级及以下
教师_652,初中,白云区,社会人员,本科,其他高校,中级及以下
教师_653,小学,白云区,社会人员,博士,其他普通师范院校,中级及以下
教师_654,小学,越秀区,应届毕业生,硕士,北京师范大学,中级及以下
教师_655,高中,白云区,社会人员,本科,其他普通师范院校,中级及以下
教师_656,小学,越秀区,社会人员,硕士,其他普通师范院校,副高级
教师_657,初中,越秀区,社会人员,本科,北京师范大学,中级及以下
教师_658,小学,白云区,社会人员,本科,其他普通师范院校,中级及以下
教师_659,初中,白云区,社会人员,本科,其他普通师范院校,副高级
教师_660,高中,越秀区,应届毕业生,本科,其他普通师范院校,中级及以下
教师_661,初中,越秀区,应届毕业生,本科,部属师范院校（除北京师范大学）,正高级
教师_662,高中,越秀区,社会人员,本科,部属师范院校（除北京师范大学）,中级及以下
教师_663,小学,越秀区,社会人员,本科,其他高校,副高级
教师_664,小学,白云区,社会人员,博士,其他普通师范院校,副高级
教师_665,初中,白云区,社会人员,本科,部属师范院校（除北京师范大学）,副高级
教师_666,初中,越秀区,社会人员,本科,其他高校,中级及以下
教师_667,高中,白云区,社会人员,本科,其他普通师范院校,中级及以下
教师_668,初中,白云区,社会人员,本科,部属师范院校（除北京师范大学）,副高级
教师_669,高中,白云区,社会人员,本科,其他高校,正高级
教师_670,初中,白云区,应届毕业生,本科,其他普通师范院校,中级及以下
教师_671,初中,越秀区,社会人员,本科,其他普通师范院校,副高级
教师_672,初中,白云区,应届毕业生,本科,其他普通师范院校,中级及以下
教师_673,初中,白云区,社会人员,本科,其他高校,中级及以下
教师_674,小学,越秀区,应届毕业生,硕士,部属师范院校（除北京师范大学）,中级及以下
教师_675,高中,越秀区,社会人员,本科,其他普通师范院校,副高级
教师_676,高中,越秀区,社会人员,本科,其他高校,中级及以下
教师_677,高中,越秀区,社会人员,本科,其他高校,中级及以下
教师_678,初中,白云区,应届毕业生,硕士,其他普通师范院校,中级及以下
教师_679,小学,白云区,应届毕业生,本科,其他高校,中级及以下
教师_680,初中,越秀区,社会人员,本科,其他普通师范院校,中级及以下
教师_681,初中,白云区,应届毕业生,本科,其他普通师范院校,中级及以下
教师_682,初中,白云区,应届毕业生,本科,部属师范院校（除北京师范大学）,副高级
教师_683,小学,越秀区,社会人员,本科,其他普通师范院校,中级及以下
教师_684,高中,越秀区,应届毕业生,硕士,北京师范大学,中级及以下
教师_685,小学,越秀区,社会人员,本科,其他高校,副高级
教师_686,初中,越秀区,社会人员,本科,其他普通师范院校,中级及以下
教师_687,高中,白云区,社会人员,本科,其他高校,副高级
教师_688,初中,白云区,社会人员,硕士,其他高校,副高级
教师_689,高中,白云区,社会人员,本科,部属师范院校（除北京师范大学）,副高级
教师_690,小学,白云区,社会人员,硕士,其他普通师范院校,中级及以下
教师_691,高中,白云区,社会人员,博士,其他高校,中级及以下
教师_692,小学,白云区,应届毕业生,本科,其他普通师范院校,副高级
教师_693,初中,白云区,社会人员,本科,部属师范院校（除北京师范大学）,副高级
教师_694,初中,白云区,应届毕业生,本科,其他普通师范院校,中级及以下
教师_695,初中,白云区,应届毕业生,本科,其他普通师范院校,中级及以下
教师_696,初中,越秀区,社会人员,本科,其他普通师范院校,中级及以下
教师_697,小学,白云区,社会人员,本科,其他普通师范院校,中级及以下
教师_698,小学,白云区,社会人员,本科,其他普通师范院校,副高级
教师_699,初中,白云区,社会人员,本科,部属师范院校（除北京师范大学）,中级及以下
教师_700,高中,白云区,社会人员,本科,其他高校,副高级
教师_701,初中,白云区,应届毕业生,本科,部属师范院校（除北京师范大学）,副高级
教师_702,小学,越秀区,社会人员,本科,其他高校,中级及以下
教师_703,小学,越秀区,社会人员,本科,其他高校,中级及以下
教师_704,小学,越秀区,社会人员,本科,其他普通师范院校,中级及以下
教师_705,小学,越秀区,应届毕业生,本科,其他高校,中级及以下
教师_706,小学,越秀区,社会人员,本科,部属师范院校（除北京师范大学）,中级及以下
教师_707,小学,越秀区,社会人员,本科,其他高校,副高级
教师_708,小学,越秀区,应届毕业生,本科,其他高校,中级及以下
教师_709,小学,越秀区,社会人员,本科,其他普通师范院校,副高级
教师_710,高中,白云区,社会人员,本科,北京师范大学,中级及以下
教师_711,小学,白云区,社会人员,本科,部属师范院校（除北京师范大学）,中级及以下
教师_712,初中,白云区,应届毕业生,硕士,其他高校,中级及以下
教师_713,高中,越秀区,应届毕业生,本科,其他普通师范院校,副高级
教师_714,初中,白云区,社会人员,本科,其他普通师范院校,正高级
教师_715,小学,越秀区,社会人员,本科,其他普通师范院校,中级及以下
教师_716,小学,越秀区,社会人员,本科,其他普通师范院校,中级及以下
教师_717,初中,白云区,应届毕业生,本科,其他高校,中级及以下
教师_718,初中,白云区,社会人员,本科,其他高校,中级及以下
教师_719,初中,白云区,社会人员,本科,其他高校,中级及以下
教师_720,高中,越秀区,社会人员,本科,其他高校,副高级
教师_721,高中,白云区,应届毕业生,本科,部属师范院校（除北京师范大学）,中级及以下
教师_722,高中,越秀区,社会人员,本科,其他普通师范院校,副高级
教师_723,小学,越秀区,社会人员,博士,其他高校,中级及以下
教师_724,高中,白云区,社会人员,硕士,其他高校,中级及以下
教师_725,初中,越秀区,社会人员,本科,其他高校,副高级
教师_726,高中,白云区,社会人员,博士,其他普通师范院校,正高级
教师_727,高中,白云区,社会人员,硕士,其他高校,副高级
教师_728,高中,越秀区,社会人员,本科,部属师范院校（除北京师范大学）,中级及以下
教师_729,高中,越秀区,社会人员,本科,其他普通师范院校,中级及以下
教师_730,初中,白云区,社会人员,本科,其他普通师范院校,中级及以下
教师_731,初中,越秀区,社会人员,本科,其他普通师范院校,中级及以下
教师_732,初中,白云区,应届毕业生,本科,其他普通师范院校,副高级
教师_733,初中,越秀区,社会人员,本科,其他高校,中级及以下
教师_734,小学,越秀区,社会人员,硕士,其他普通师范院校,中级及以下
教师_735,初中,越秀区,应届毕业生,本科,部属师范院校（除北京师范大学）,中级及以下
教师_736,高中,白云区,应届毕业生,本科,其他高校,中级及以下
教师_737,小学,白云区,社会人员,本科,其他高校,中级及以下
教师_738,初中,白云区,社会人员,本科,其他普通师范院校,副高级
教师_739,小学,白云区,社会人员,本科,其他普通师范院校,正高级
教师_740,小学,越秀区,社会人员,本科,其他普通师范院校,副高级
教师_741,小学,越秀区,应届毕业生,本科,其他高校,正高级
教师_742,高中,白云区,社会人员,本科,部属师范院校（除北京师范大学）,中级及以下
教师_743,小学,白云区,社会人员,硕士,其他高校,副高级
教师_744,小学,白云区,社会人员,本科,其他高校,中级及以下
教师_745,初中,白云区,应届毕业生,硕士,北大,副高级
教师_746,小学,白云区,应届毕业生,本科,其他普通师范院校,正高级
教师_747,高中,白云区,社会人员,本科,北大,中级及以下
教师_748,高中,越秀区,社会人员,本科,其他普通师范院校,正高级
教师_749,高中,越秀区,应届毕业生,本科,其他普通师范院校,中级及以下
教师_750,初中,越秀区,社会人员,本科,其他高校,中级及以下
教师_751,初中,越秀区,应届毕业生,本科,其他高校,副高级
教师_752,初中,越秀区,社会人员,本科,其他普通师范院校,中级及以下
教师_753,高中,越秀区,应届毕业生,本科,其他高校,中级及以下
教师_754,初中,越秀区,社会人员,本科,其他普通师范院校,中级及以下
教师_755,小学,白云区,社会人员,本科,其他高校,中级及以下
教师_756,高中,越秀区,社会人员,本科,其他高校,副高级
教师_757,初中,白云区,社会人员,本科,其他高校,正高级
教师_758,小学,白云区,应届毕业生,本科,其他高校,中级及以下
教师_759,小学,白云区,应届毕业生,硕士,其他高校,中级及以下
教师_760,初中,白云区,社会人员,本科,其他高校,中级及以下
教师_761,高中,越秀区,社会人员,本科,其他高校,副高级
教师_762,初中,白云区,应届毕业生,本科,其他高校,中级及以下
教师_763,初中,越秀区,应届毕业生,本科,其他普通师范院校,正高级
教师_764,初中,越秀区,社会人员,本科,其他高校,正高级
教师_765,高中,白云区,社会人员,硕士,部属师范院校（除北京师范大学）,中级及以下
教师_766,高中,白云区,社会人员,本科,其他普通师范院校,副高级
教师_767,高中,白云区,社会人员,硕士,其他普通师范院校,正高级
教师_768,初中,白云区,社会人员,本科,部属师范院校（除北京师范大学）,中级及以下
教师_769,高中,越秀区,社会人员,本科,其他普通师范院校,正高级
教师_770,高中,越秀区,社会人员,本科,部属师范院校（除北京师范大学）,正高级
教师_771,高中,越秀区,应届毕业生,本科,其他普通师范院校,中级及以下
教师_772,小学,白云区,应届毕业生,本科,其他高校,副高级
教师_773,小学,越秀区,社会人员,本科,部属师范院校（除北京师范大学）,中级及以下
教师_774,小学,白云区,社会人员,本科,其他普通师范院校,副高级
教师_775,高中,白云区,应届毕业生,本科,其他高校,副高级
教师_776,小学,白云区,社会人员,本科,其他普通师范院校,中级及以下
教师_777,初中,白云区,社会人员,本科,其他普通师范院校,副高级
教师_778,初中,白云区,社会人员,本科,其他普通师范院校,正高级
教师_779,高中,越秀区,社会人员,本科,其他普通师范院校,副高级
教师_780,高中,白云区,社会人员,本科,其他普通师范院校,副高级
教师_781,小学,越秀区,社会人员,博士,部属师范院校（除北京师范大学）,副高级
教师_782,初中,白云区,社会人员,本科,部属师范院校（除北京师范大学）,副高级
教师_783,高中,越秀区,应届毕业生,本科,部属师范院校（除北京师范大学）,中级及以下
教师_784,高中,越秀区,应届毕业生,本科,其他普通师范院校,正高级
教师_785,小学,白云区,应届毕业生,本科,其他高校,副高级
教师_786,小学,白云区,社会人员,博士,部属师范院校（除北京师范大学）,副高级
教师_787,初中,白云区,应届毕业生,博士,其他高校,中级及以下
教师_788,小学,白云区,社会人员,本科,其他普通师范院校,副高级
教师_789,初中,白云区,社会人员,本科,其他高校,中级及以下
教师_790,小学,白云区,社会人员,本科,其他普通师范院校,中级及以下
教师_791,初中,白云区,社会人员,本科,其他高校,中级及以下
教师_792,小学,越秀区,应届毕业生,本科,其他普通师范院校,副高级
教师_793,初中,白云区,社会人员,本科,其他普通师范院校,中级及以下
教师_794,小学,白云区,社会人员,本科,其他高校,正高级
教师_795,高中,越秀区,应届毕业生,本科,其他高校,中级及以下
教师_796,高中,越秀区,社会人员,本科,部属师范院校（除北京师范大学）,正高级
教师_797,初中,白云区,社会人员,硕士,其他普通师范院校,中级及以下
教师_798,小学,白云区,应届毕业生,硕士,部属师范院校（除北京师范大学）,副高级
教师_799,小学,越秀区,社会人员,本科,北大,副高级
教师_800,初中,越秀区,应届毕业生,本科,其他高校,中级及以下
教师_801,小学,越秀区,应届毕业生,本科,其他高校,副高级
教师_802,初中,白云区,应届毕业生,本科,其他普通师范院校,副高级
教师_803,初中,白云区,社会人员,本科,部属师范院校（除北京师范大学）,中级及以下
教师_804,初中,白云区,应届毕业生,本科,部属师范院校（除北京师范大学）,中级及以下
教师_805,高中,越秀区,应届毕业生,本科,其他普通师范院校,中级及以下
教师_806,高中,越秀区,社会人员,本科,其他普通师范院校,中级及以下
教师_807,高中,越秀区,社会人员,本科,清华,副高级
教师_808,初中,白云区,社会人员,本科,其他高校,副高级
教师_809,高中,白云区,应届毕业生,本科,其他普通师范院校,中级及以下
教师_810,高中,白云区,应届毕业生,硕士,其他高校,正高级
教师_811,初中,白云区,社会人员,本科,其他高校,中级及以下
教师_812,初中,越秀区,社会人员,本科,其他普通师范院校,中级及以下
教师_813,小学,越秀区,社会人员,本科,其他高校,副高级
教师_814,高中,白云区,社会人员,本科,其他普通师范院校,中级及以下
教师_815,小学,越秀区,社会人员,本科,其他普通师范院校,中级及以下
教师_816,小学,白云区,社会人员,硕士,部属师范院校（除北京师范大学）,副高级
教师_817,小学,越秀区,社会人员,本科,其他普通师范院校,中级及以下
教师_818,初中,白云区,社会人员,本科,部属师范院校（除北京师范大学）,中级及以下
教师_819,高中,白云区,社会人员,本科,其他普通师范院校,中级及以下
教师_820,初中,越秀区,应届毕业生,硕士,其他普通师范院校,正高级
教师_821,初中,白云区,应届毕业生,本科,其他高校,中级及以下
教师_822,小学,白云区,社会人员,博士,其他普通师范院校,副高级
教师_823,初中,白云区,应届毕业生,本科,其他高校,副高级
教师_824,小学,越秀区,社会人员,硕士,部属师范院校（除北京师范大学）,副高级
教师_825,小学,越秀区,社会人员,本科,其他高校,中级及以下
教师_826,高中,越秀区,社会人员,博士,其他普通师范院校,中级及以下
教师_827,小学,越秀区,社会人员,本科,部属师范院校（除北京师范大学）,副高级
教师_828,高中,白云区,应届毕业生,硕士,其他普通师范院校,中级及以下
教师_829,高中,白云区,社会人员,博士,北京师范大学,副高级
教师_830,小学,白云区,应届毕业生,本科,其他高校,中级及以下
教师_831,初中,白云区,应届毕业生,本科,其他高校,正高级
教师_832,小学,白云区,应届毕业生,本科,部属师范院校（除北京师范大学）,副高级
教师_833,高中,白云区,社会人员,本科,其他普通师范院校,中级及以下
教师_834,初中,越秀区,应届毕业生,本科,其他高校,中级及以下
教师_835,高中,白云区,社会人员,本科,其他普通师范院校,中级及以下
教师_836,初中,白云区,社会人员,本科,其他高校,中级及以下
教师_837,高中,白云区,社会人员,本科,部属师范院校（除北京师范大学）,中级及以下
教师_838,小学,越秀区,社会人员,本科,其他高校,副高级
教师_839,小学,白云区,社会人员,本科,其他普通师范院校,副高级
教师_840,高中,白云区,社会人员,本科,其他高校,中级及以下
教师_841,初中,白云区,社会人员,本科,其他普通师范院校,中级及以下
教师_842,小学,越秀区,应届毕业生,本科,其他高校,中级及以下
教师_843,小学,白云区,社会人员,本科,其他高校,中级及以下
教师_844,高中,越秀区,社会人员,本科,其他高校,正高级
教师_845,初中,越秀区,社会人员,本科,其他普通师范院校,中级及以下
教师_846,高中,越秀区,社会人员,本科,其他普通师范院校,中级及以下
教师_847,高中,白云区,应届毕业生,硕士,北大,中级及以下
教师_848,初中,白云区,应届毕业生,本科,其他普通师范院校,中级及以下
教师_849,初中,越秀区,社会人员,本科,其他普通师范院校,中级及以下
教师_850,初中,白云区,社会人员,本科,其他高校,中级及以下
教师_851,高中,白云区,应届毕业生,本科,部属师范院校（除北京师范大学）,中级及以下
教师_852,高中,白云区,应届毕业生,博士,其他高校,中级及以下
教师_853,小学,白云区,社会人员,本科,北大,中级及以下
教师_854,高中,白云区,社会人员,硕士,其他高校,正高级
教师_855,高中,白云区,应届毕业生,本科,其他高校,中级及以下
教师_856,高中,白云区,应届毕业生,本科,其他普通师范院校,中级及以下
教师_857,小学,白云区,社会人员,本科,北京师范大学,中级及以下
教师_858,初中,白云区,社会人员,本科,部属师范院校（除北京师范大学）,正高级
教师_859,小学,白云区,应届毕业生,本科,其他普通师范院校,中级及以下
教师_860,初中,白云区,应届毕业生,本科,其他普通师范院校,中级及以下
教师_861,高中,白云区,社会人员,本科,其他高校,中级及以下
教师_862,高中,越秀区,社会人员,硕士,其他高校,中级及以下
教师_863,小学,越秀区,应届毕业生,本科,其他普通师范院校,中级及以下
教师_864,初中,白云区,社会人员,本科,其他高校,中级及以下
教师_865,初中,越秀区,社会人员,本科,其他普通师范院校,中级及以下
教师_866,高中,越秀区,社会人员,硕士,北大,副高级
教师_867,小学,白云区,应届毕业生,硕士,其他普通师范院校,中级及以下
教师_868,小学,越秀区,社会人员,本科,其他普通师范院校,副高级
教师_869,高中,越秀区,社会人员,本科,清华,中级及以下
教师_870,初中,越秀区,社会人员,硕士,其他普通师范院校,中级及以下
教师_871,高中,白云区,应届毕业生,本科,部属师范院校（除北京师范大学）,正高级
教师_872,小学,白云区,应届毕业生,本科,其他高校,中级及以下
教师_873,初中,白云区,社会人员,本科,其他普通师范院校,副高级
教师_874,初中,白云区,应届毕业生,本科,其他普通师范院校,副高级
教师_875,初中,越秀区,应届毕业生,本科,其他高校,中级及以下
教师_876,初中,白云区,社会人员,硕士,其他高校,中级及以下
